Date,Close/Last,Volume,Open,High,Low
04/04/2025,$62.40,8339059,$64.68,$65.39,$62.35
04/03/2025,$66.36,5972557,$66.22,$68.48,$65.24
04/02/2025,$67.42,4153264,$67.01,$68.24,$66.6786
04/01/2025,$67.80,5340449,$67.595,$68.97,$67.08
03/31/2025,$67.73,5533694,$67.02,$68.11,$66.24
03/28/2025,$67.16,5705517,$67.295,$67.86,$66.29
03/27/2025,$66.81,3592401,$65.68,$67.34,$65.20
03/26/2025,$65.58,4241247,$66.21,$66.525,$65.085
03/25/2025,$66.30,4084578,$66.86,$67.20,$66.12
03/24/2025,$66.54,4209000,$66.34,$66.62,$64.87
03/21/2025,$65.78,15353950,$66.18,$66.18,$65.21
03/20/2025,$66.34,4143886,$66.78,$68.00,$66.2342
03/19/2025,$67.20,5934897,$65.50,$67.57,$65.36
03/18/2025,$65.24,4625178,$67.31,$67.50,$64.88
03/17/2025,$67.44,4344933,$65.315,$67.88,$65.28
03/14/2025,$65.28,3257982,$64.68,$65.455,$64.32
03/13/2025,$64.25,3471128,$65.13,$65.77,$64.07
03/12/2025,$65.13,5012573,$65.48,$66.37,$64.63
03/11/2025,$65.22,7255463,$68.30,$68.47,$65.03
03/10/2025,$68.19,9351992,$70.34,$71.48,$66.82
03/07/2025,$70.51,7389610,$67.61,$70.719,$67.37
03/06/2025,$67.87,5342909,$66.19,$67.90,$66.08
03/05/2025,$66.55,4965913,$66.66,$67.175,$65.195
03/04/2025,$66.67,9032222,$65.10,$68.04,$64.975
03/03/2025,$65.22,5689032,$65.005,$66.47,$64.7503
02/28/2025,$64.74,8587679,$63.413,$64.76,$63.075
02/27/2025,$63.48,17663380,$64.29,$65.81,$61.55
02/26/2025,$69.14,8935593,$71.115,$71.61,$68.84
02/25/2025,$70.93,6185130,$70.38,$71.02,$69.77
02/24/2025,$69.99,6287156,$69.68,$70.69,$69.13
02/21/2025,$69.39,4012648,$69.79,$70.27,$69.10
02/20/2025,$69.46,2910642,$69.40,$69.57,$68.39
02/19/2025,$69.32,3441187,$68.81,$69.48,$67.52
02/18/2025,$69.79,3784349,$69.99,$70.11,$69.065
02/14/2025,$69.90,3501987,$70.00,$70.03,$69.28
02/13/2025,$69.26,3782441,$67.95,$69.375,$67.30
02/12/2025,$67.94,3090849,$67.63,$68.50,$67.08
02/11/2025,$68.46,3615543,$67.82,$69.22,$67.56
02/10/2025,$68.26,2847338,$68.04,$68.62,$67.85
02/07/2025,$67.83,2608014,$67.38,$68.64,$67.38
02/06/2025,$67.50,2641092,$67.47,$68.03,$67.08
02/05/2025,$67.39,4622919,$67.12,$68.65,$66.835
02/04/2025,$66.95,3035146,$67.45,$67.72,$66.14
02/03/2025,$67.18,3541437,$66.60,$67.63,$66.37
01/31/2025,$67.48,3347209,$67.41,$67.92,$67.08
01/30/2025,$67.52,2973282,$66.50,$67.965,$66.43
01/29/2025,$66.00,3537542,$67.474,$67.635,$65.955
01/28/2025,$67.19,3202394,$66.51,$67.265,$66.00
01/27/2025,$66.84,4402865,$64.68,$66.86,$64.30
01/24/2025,$64.81,2522610,$64.992,$65.42,$64.42
01/23/2025,$64.75,5689771,$63.81,$65.79,$63.50
01/22/2025,$63.88,3875810,$64.63,$65.06,$63.83
01/21/2025,$64.63,3863911,$65.895,$66.1113,$63.91
01/17/2025,$66.19,3719096,$65.50,$66.4739,$65.50
01/16/2025,$65.06,2945396,$64.80,$65.30,$64.41
01/15/2025,$65.11,4351432,$64.83,$65.57,$64.20
01/14/2025,$64.41,4513876,$65.65,$66.23,$64.20
01/13/2025,$65.72,4122218,$64.502,$66.36,$64.27
01/10/2025,$65.90,8234580,$68.705,$69.125,$65.85
01/08/2025,$69.40,22044710,$67.90,$71.5199,$67.81
01/07/2025,$63.17,3867301,$63.64,$64.38,$62.90
01/06/2025,$62.94,5520633,$62.01,$63.7499,$61.80
01/03/2025,$61.61,4665088,$62.53,$62.66,$61.11
01/02/2025,$62.27,2572596,$61.92,$62.96,$61.87
12/31/2024,$61.95,2131378,$62.28,$62.68,$61.865
12/30/2024,$62.06,3293847,$62.46,$62.67,$60.74
12/27/2024,$62.81,1997479,$63.36,$63.80,$62.46
12/26/2024,$63.81,1840641,$63.57,$64.12,$63.33
12/24/2024,$63.78,1471910,$63.57,$63.90,$63.08
12/23/2024,$63.63,4131253,$64.80,$65.165,$63.32
12/20/2024,$65.01,12499950,$63.67,$65.49,$63.35
12/19/2024,$63.95,5237989,$64.40,$65.63,$63.72
12/18/2024,$64.11,7134743,$64.52,$66.52,$64.08
12/17/2024,$64.23,4507261,$65.20,$65.20,$63.71
12/16/2024,$63.64,4414189,$63.48,$64.185,$62.60
12/13/2024,$63.84,4278640,$63.88,$64.26,$63.50
12/12/2024,$63.90,3771126,$63.10,$64.57,$63.03
12/11/2024,$63.17,4688957,$63.23,$64.39,$63.155
12/10/2024,$63.23,5171371,$62.55,$63.50,$61.86
12/09/2024,$65.14,5440285,$63.73,$66.06,$63.26
12/06/2024,$63.62,2871330,$64.01,$64.48,$63.59
12/05/2024,$63.62,2373524,$63.27,$63.94,$63.06
12/04/2024,$63.32,3406954,$62.97,$64.00,$61.16
12/03/2024,$62.94,2982859,$62.91,$63.505,$62.57
12/02/2024,$63.17,4655688,$63.21,$63.31,$62.15
11/29/2024,$63.29,3266358,$64.01,$64.40,$63.25
11/27/2024,$64.31,2818597,$65.20,$65.20,$64.07
11/26/2024,$65.09,3192727,$64.92,$65.505,$64.78
11/25/2024,$64.99,7571805,$63.745,$65.91,$63.68
11/22/2024,$63.24,3104477,$61.77,$63.43,$61.57
11/21/2024,$61.41,3527778,$60.98,$61.9926,$60.44
11/20/2024,$60.82,3980985,$60.63,$60.94,$60.12
11/19/2024,$61.10,3654664,$61.01,$61.55,$60.40
11/18/2024,$61.41,2731302,$61.39,$61.87,$61.13
11/15/2024,$61.43,5167624,$62.30,$62.46,$61.07
11/14/2024,$62.30,4195571,$61.60,$62.73,$61.14
11/13/2024,$61.89,4251483,$61.68,$62.09,$60.955
11/12/2024,$61.50,4008037,$62.11,$62.74,$61.00
11/11/2024,$62.43,3432938,$62.00,$62.89,$61.97
11/08/2024,$61.89,3260382,$62.41,$62.50,$61.50
11/07/2024,$62.02,4975108,$60.90,$62.24,$60.84
11/06/2024,$61.08,5512035,$61.99,$62.63,$60.345
11/05/2024,$61.51,5236835,$60.73,$61.565,$60.58
11/04/2024,$60.23,6351374,$58.05,$60.33,$58.05
11/01/2024,$58.11,7848154,$57.70,$58.3087,$57.54
10/31/2024,$57.51,10499320,$58.885,$58.89,$56.33
10/30/2024,$62.63,7200329,$62.74,$62.86,$62.03
10/29/2024,$62.77,4675421,$62.59,$63.30,$62.44
10/28/2024,$62.99,3072157,$63.604,$63.73,$62.96
10/25/2024,$63.10,3117256,$63.85,$64.039,$63.01
10/24/2024,$63.59,4559624,$63.77,$64.44,$63.34
10/23/2024,$63.67,3574154,$63.95,$64.56,$63.27
10/22/2024,$63.32,4387624,$63.90,$64.23,$63.245
10/21/2024,$64.16,3385548,$64.82,$65.36,$64.02
10/18/2024,$64.95,5186499,$65.40,$65.40,$64.47
10/17/2024,$65.36,4987733,$66.92,$67.225,$65.335
10/16/2024,$66.92,2804474,$66.83,$67.28,$66.62
10/15/2024,$66.99,3955978,$66.93,$67.80,$66.89
10/14/2024,$66.88,3404047,$66.24,$67.06,$66.12
10/11/2024,$66.33,3223940,$66.43,$66.96,$66.22
10/10/2024,$66.05,3656731,$66.96,$67.72,$65.79
10/09/2024,$66.95,3645238,$67.05,$67.28,$66.67
10/08/2024,$67.17,3563904,$66.75,$67.655,$66.72
10/07/2024,$66.77,3752144,$66.21,$66.85,$66.08
10/04/2024,$66.29,3065960,$66.19,$66.47,$65.71
10/03/2024,$65.38,3397628,$65.07,$65.43,$64.68
10/02/2024,$65.20,4937974,$65.46,$66.23,$65.00
10/01/2024,$65.83,5298829,$65.15,$66.10,$64.43
09/30/2024,$65.11,5394282,$63.94,$65.28,$63.94
09/27/2024,$64.00,4479150,$64.10,$64.42,$63.605
09/26/2024,$63.94,3726696,$64.26,$64.61,$63.64
09/25/2024,$64.10,5110742,$65.03,$65.40,$64.06
09/24/2024,$65.44,5275036,$63.80,$65.44,$63.57
09/23/2024,$63.45,4806382,$62.77,$63.91,$62.71
09/20/2024,$62.72,19791050,$62.69,$63.37,$62.25
09/19/2024,$63.22,5348938,$63.90,$63.98,$62.78
09/18/2024,$63.17,6414534,$64.69,$64.84,$63.02
09/17/2024,$64.88,5917981,$64.54,$64.96,$63.6715
09/16/2024,$64.36,4526746,$63.44,$64.42,$63.1601
09/13/2024,$63.44,5556646,$63.38,$63.90,$62.31
09/12/2024,$63.18,8941811,$60.89,$63.27,$60.82
09/11/2024,$60.73,5393757,$60.26,$60.83,$59.70
09/10/2024,$60.26,4091494,$59.44,$60.445,$59.22
09/09/2024,$59.43,4075041,$59.35,$59.76,$58.63
09/06/2024,$59.20,5032137,$59.17,$59.57,$58.64
09/05/2024,$59.12,4199828,$58.97,$59.50,$58.74
09/04/2024,$58.95,3775268,$58.84,$59.27,$58.43
09/03/2024,$58.80,4229074,$58.90,$59.79,$58.50
08/30/2024,$59.10,5430169,$58.53,$59.22,$58.37
08/29/2024,$58.60,3422089,$58.00,$59.38,$57.86
08/28/2024,$57.78,4002780,$59.21,$59.21,$57.68
08/27/2024,$59.37,4134243,$58.90,$59.85,$58.69
08/26/2024,$59.00,3196937,$58.94,$59.47,$58.65
08/23/2024,$58.88,2824281,$59.22,$59.30,$58.48
08/22/2024,$59.02,3874957,$58.79,$59.36,$58.31
08/21/2024,$58.68,5541190,$57.03,$58.80,$56.62
08/20/2024,$56.94,3137695,$56.73,$56.965,$56.37
08/19/2024,$56.68,3557384,$55.43,$56.935,$55.294
08/16/2024,$55.50,4966889,$55.90,$56.00,$54.80
08/15/2024,$55.83,4940092,$56.33,$56.655,$55.61
08/14/2024,$55.76,2992982,$55.89,$56.71,$55.75
08/13/2024,$55.70,4889137,$56.13,$56.40,$55.25
08/12/2024,$55.81,4194103,$56.75,$57.18,$55.50
08/09/2024,$56.52,2952171,$56.00,$56.74,$55.86
08/08/2024,$55.94,2640204,$55.51,$56.00,$55.15
08/07/2024,$55.11,4871302,$56.283,$56.775,$55.045
08/06/2024,$55.92,4492200,$55.00,$56.65,$54.56
08/05/2024,$54.66,7416188,$54.90,$56.21,$54.55
08/02/2024,$56.20,5578664,$55.71,$56.845,$55.34
08/01/2024,$56.23,7876901,$55.06,$57.68,$53.74
07/31/2024,$55.61,7601891,$55.50,$55.86,$54.74
07/30/2024,$55.40,4410459,$54.64,$55.495,$54.60
07/29/2024,$54.61,4469834,$54.44,$55.22,$54.32
07/26/2024,$54.18,4130189,$53.70,$54.83,$53.641
07/25/2024,$53.12,4851992,$53.67,$54.38,$53.10
07/24/2024,$53.66,5898425,$53.47,$54.05,$53.27
07/23/2024,$53.24,4678781,$53.76,$53.93,$53.11
07/22/2024,$53.91,3406522,$53.78,$54.345,$53.39
07/19/2024,$53.60,3488819,$54.59,$54.64,$53.50
07/18/2024,$54.39,3630695,$54.63,$55.62,$54.34
07/17/2024,$54.58,3746533,$55.23,$55.69,$54.42
07/16/2024,$55.42,3995509,$53.90,$55.495,$53.61
07/15/2024,$53.72,3259182,$53.71,$54.27,$53.57
07/12/2024,$54.19,3897360,$54.36,$54.64,$53.84
07/11/2024,$54.02,3264969,$53.28,$54.18,$53.28
07/10/2024,$52.98,2684115,$52.59,$53.069,$52.19
07/09/2024,$52.65,3419492,$52.72,$53.06,$52.15
07/08/2024,$52.79,3875776,$52.81,$52.915,$52.39
07/05/2024,$52.87,2686427,$52.53,$52.945,$52.14
07/03/2024,$52.61,2803038,$53.428,$53.598,$52.23
07/02/2024,$53.25,4175108,$52.57,$53.395,$52.025
07/01/2024,$52.68,4501157,$53.85,$53.91,$52.28
06/28/2024,$53.72,7190988,$52.96,$53.95,$52.67
06/27/2024,$53.05,4167276,$53.655,$53.67,$52.855
06/26/2024,$53.69,3473325,$53.54,$54.27,$53.32
06/25/2024,$53.95,4369984,$53.90,$55.35,$53.81
06/24/2024,$54.01,5694787,$54.32,$54.96,$53.99
06/21/2024,$54.15,10478400,$53.88,$54.47,$53.67
06/20/2024,$53.84,4643052,$54.66,$54.95,$53.47
06/18/2024,$54.55,5615016,$52.85,$54.59,$52.85
06/17/2024,$53.14,4399926,$52.01,$53.22,$51.72
06/14/2024,$52.13,5737341,$53.08,$53.45,$51.945
06/13/2024,$53.69,4641754,$53.40,$54.34,$53.355
06/12/2024,$53.19,4573378,$53.41,$53.695,$52.81
06/11/2024,$53.00,4198241,$52.77,$53.03,$52.135
06/10/2024,$53.15,3595229,$52.65,$53.19,$52.42
06/07/2024,$53.08,4337360,$53.35,$53.75,$53.03
06/06/2024,$53.39,4921633,$53.81,$53.84,$53.31
06/05/2024,$53.01,4851952,$53.73,$54.25,$52.785
06/04/2024,$53.75,5010627,$53.40,$54.03,$52.94
06/03/2024,$53.61,6043108,$54.05,$54.24,$53.19
05/31/2024,$54.22,7405680,$53.09,$54.25,$53.02
05/30/2024,$53.35,5853037,$51.94,$53.635,$51.86
05/29/2024,$52.09,6445473,$52.26,$52.38,$51.38
05/28/2024,$52.90,7242958,$54.14,$55.15,$52.84
05/24/2024,$54.41,7773908,$53.00,$54.59,$53.00
05/23/2024,$52.81,4828929,$52.80,$52.885,$52.31
05/22/2024,$52.80,4733946,$52.19,$52.845,$51.8701
05/21/2024,$52.17,3739649,$51.13,$52.369,$51.13
05/20/2024,$51.24,3056720,$51.45,$51.62,$51.02
05/17/2024,$51.48,4607241,$52.64,$52.78,$51.12
05/16/2024,$52.70,5236528,$52.42,$53.035,$52.055
05/15/2024,$52.42,3914873,$52.37,$52.65,$51.78
05/14/2024,$52.10,3472640,$52.31,$52.49,$51.60
05/13/2024,$51.99,5039653,$51.14,$52.16,$51.04
05/10/2024,$51.00,3873017,$50.50,$51.09,$50.43
05/09/2024,$50.34,3980537,$49.77,$50.395,$49.70
05/08/2024,$49.69,3847090,$49.76,$49.94,$49.595
05/07/2024,$50.07,4695820,$49.59,$50.27,$49.59
05/06/2024,$49.38,5811201,$49.81,$50.16,$49.245
05/03/2024,$49.65,6896723,$49.60,$50.26,$49.37
05/02/2024,$49.39,10828810,$49.32,$50.864,$48.5204
05/01/2024,$51.06,8328816,$51.69,$52.485,$51.04
04/30/2024,$51.54,6712817,$52.63,$52.875,$51.435
04/29/2024,$52.75,5977361,$52.16,$52.88,$52.13
04/26/2024,$52.02,4985631,$51.30,$52.19,$51.20
04/25/2024,$51.34,4461328,$50.66,$51.49,$50.56
04/24/2024,$51.18,5088303,$51.17,$51.60,$50.78
04/23/2024,$51.25,4522813,$51.01,$51.50,$50.70
04/22/2024,$50.94,4140792,$50.63,$51.145,$50.39
04/19/2024,$50.39,4296246,$50.23,$51.02,$50.00
04/18/2024,$49.95,7589968,$51.33,$51.41,$49.93
04/17/2024,$49.45,4319954,$50.59,$50.69,$49.41
04/16/2024,$50.25,5161534,$50.63,$50.75,$49.87
04/15/2024,$50.89,3878593,$51.62,$51.9025,$50.735
04/12/2024,$51.31,4246782,$51.71,$51.995,$51.05
04/11/2024,$51.89,3650894,$52.60,$52.65,$51.81
04/10/2024,$52.46,4901305,$51.96,$52.54,$51.90
04/09/2024,$51.96,3566684,$51.80,$52.005,$51.51
04/08/2024,$51.58,3975589,$52.03,$52.47,$51.48
04/05/2024,$52.06,5326598,$51.42,$52.13,$51.42
04/04/2024,$51.40,4702915,$52.41,$52.82,$51.3275
04/03/2024,$51.85,4458971,$51.75,$52.27,$51.515
04/02/2024,$51.86,4449506,$52.08,$52.39,$51.81
04/01/2024,$52.27,4646482,$52.65,$52.92,$51.84
03/28/2024,$52.78,6816355,$52.10,$52.93,$52.00
03/27/2024,$51.92,4940768,$51.45,$52.04,$51.41
03/26/2024,$51.08,5995878,$51.46,$51.67,$50.875
03/25/2024,$51.23,5621432,$51.33,$51.725,$51.19
03/22/2024,$51.42,5071948,$52.05,$52.07,$51.40
03/21/2024,$52.00,6756933,$51.84,$52.355,$51.68
03/20/2024,$51.97,6136334,$51.84,$52.27,$51.60
03/19/2024,$51.82,6863732,$51.86,$52.46,$51.25
03/18/2024,$51.35,6435133,$52.19,$52.40,$51.32
03/15/2024,$52.20,11456760,$51.97,$52.6999,$51.885
03/14/2024,$52.25,7731527,$52.49,$52.82,$51.97
03/13/2024,$52.41,10333290,$51.12,$52.50,$51.09
03/12/2024,$50.91,7857026,$51.73,$51.93,$50.68
03/11/2024,$51.55,10113580,$50.39,$51.95,$50.38
03/08/2024,$50.37,8504823,$50.68,$50.90,$50.175
03/07/2024,$50.78,8912227,$50.82,$51.05,$50.335
03/06/2024,$50.54,9615623,$50.32,$51.14,$50.32
03/05/2024,$50.09,12659640,$48.91,$50.45,$48.87
03/04/2024,$48.91,8449975,$48.18,$49.31,$48.0373
03/01/2024,$48.05,8668579,$47.20,$48.30,$47.06
02/29/2024,$47.28,16165170,$47.95,$47.98,$46.98
02/28/2024,$47.89,23207930,$47.65,$48.35,$46.53
02/27/2024,$44.39,12708120,$44.28,$44.785,$44.05
02/26/2024,$43.88,6007337,$44.05,$44.155,$43.6725
02/23/2024,$44.01,7144887,$43.97,$44.425,$43.118
02/22/2024,$44.28,7552497,$43.37,$44.65,$43.24
02/21/2024,$43.80,6965168,$43.34,$44.40,$43.09
02/20/2024,$43.59,6398199,$43.00,$43.75,$42.97
02/16/2024,$43.45,7091121,$42.21,$43.525,$42.14
02/15/2024,$42.62,4873266,$42.49,$42.89,$42.425
02/14/2024,$42.18,5058294,$41.28,$42.24,$40.83
02/13/2024,$41.13,7188504,$42.49,$42.50,$40.74
02/12/2024,$43.49,5551062,$42.48,$43.55,$42.24
02/09/2024,$42.43,5099004,$42.06,$42.685,$41.79
02/08/2024,$42.02,3314453,$42.25,$42.29,$41.64
02/07/2024,$42.34,4005461,$42.73,$42.89,$42.265
02/06/2024,$42.66,5947039,$41.35,$42.735,$41.31
02/05/2024,$41.33,5907269,$41.565,$41.565,$40.935
02/02/2024,$41.94,6097538,$41.56,$41.98,$41.01
02/01/2024,$41.70,5670706,$41.40,$41.81,$40.77
01/31/2024,$41.07,5923714,$41.97,$42.02,$40.97
01/30/2024,$41.95,5073345,$42.38,$42.41,$41.9225
01/29/2024,$42.62,4687417,$42.69,$42.79,$42.03
01/26/2024,$42.69,5936609,$42.13,$42.705,$42.13
01/25/2024,$42.16,6080233,$41.90,$42.19,$41.26
01/24/2024,$41.61,8647108,$42.62,$42.89,$41.305
01/23/2024,$41.41,5059636,$41.45,$41.875,$41.175
01/22/2024,$41.06,5559434,$41.31,$41.69,$40.88
01/19/2024,$41.13,4361518,$41.0302,$41.355,$40.5001
01/18/2024,$40.79,5751405,$40.63,$40.875,$40.335
01/17/2024,$40.67,6416451,$40.57,$40.875,$40.28
01/16/2024,$40.70,6455492,$40.82,$40.95,$40.16
01/12/2024,$41.21,5691049,$41.96,$42.07,$41.06
01/11/2024,$41.87,4618643,$42.51,$42.54,$41.49
01/10/2024,$42.56,3755274,$42.11,$42.705,$41.94
01/09/2024,$42.14,4937428,$42.29,$42.68,$41.96
01/08/2024,$42.84,4109427,$42.98,$42.98,$42.405
01/05/2024,$42.79,3140460,$42.53,$43.08,$42.39
01/04/2024,$42.53,4778458,$43.53,$43.59,$42.405
01/03/2024,$43.55,6358112,$43.63,$44.085,$42.96
01/02/2024,$43.87,5369290,$43.26,$44.20,$43.20
12/29/2023,$43.62,4681777,$43.42,$43.82,$43.36
12/28/2023,$43.47,2767636,$43.37,$43.595,$43.115
12/27/2023,$43.38,2623182,$43.52,$43.6603,$43.10
12/26/2023,$43.48,3361211,$43.82,$43.84,$43.255
12/22/2023,$43.82,3330266,$43.56,$44.0699,$43.45
12/21/2023,$43.73,3238446,$43.33,$43.76,$43.07
12/20/2023,$42.98,5762136,$43.40,$43.82,$42.83
12/19/2023,$43.67,7351106,$42.66,$44.27,$42.57
12/18/2023,$42.52,6687286,$41.525,$42.805,$41.52
12/15/2023,$41.75,43483600,$42.73,$42.93,$41.66
12/14/2023,$42.65,9011447,$42.30,$42.73,$41.99
12/13/2023,$41.96,6610362,$41.02,$41.98,$40.74
12/12/2023,$41.11,5840088,$41.77,$41.79,$40.91
12/11/2023,$41.76,7045546,$40.74,$42.115,$40.63
12/08/2023,$41.29,7243404,$41.36,$41.72,$41.16
12/07/2023,$41.48,3940289,$41.68,$41.74,$41.335
12/06/2023,$41.47,4736817,$41.72,$42.213,$41.44
12/05/2023,$41.48,4517899,$41.30,$41.76,$40.99
12/04/2023,$41.62,5197587,$41.57,$42.08,$41.3913
12/01/2023,$41.73,6022413,$40.99,$41.885,$40.605
11/30/2023,$41.01,11506780,$40.66,$41.03,$40.18
11/29/2023,$40.64,7352727,$41.37,$41.425,$40.58
11/28/2023,$41.13,6503547,$40.97,$41.5567,$40.93
11/27/2023,$41.35,4966874,$41.34,$41.58,$40.75
11/24/2023,$41.48,2606465,$41.67,$41.79,$41.28
11/22/2023,$41.64,8620059,$40.53,$41.855,$40.50
11/21/2023,$40.39,11049870,$39.26,$40.435,$38.975
11/20/2023,$39.45,8484524,$40.01,$40.14,$39.20
11/17/2023,$40.14,5165930,$40.50,$40.615,$39.815
11/16/2023,$40.18,7486229,$40.52,$40.72,$39.70
11/15/2023,$40.62,6825578,$40.48,$41.42,$40.45
11/14/2023,$40.34,6885922,$39.60,$40.51,$39.53
11/13/2023,$38.73,7650031,$39.63,$39.8351,$38.6009
11/10/2023,$39.85,6278431,$39.94,$40.00,$39.35
11/09/2023,$39.93,9425230,$40.29,$40.885,$39.795
11/08/2023,$39.95,18084330,$37.28,$40.00,$37.17
11/07/2023,$40.77,9193468,$40.51,$40.83,$40.148
11/06/2023,$40.36,6439200,$40.64,$40.98,$40.03
11/03/2023,$40.54,6422093,$39.62,$40.715,$39.51
11/02/2023,$38.99,6534517,$39.15,$39.23,$38.245
11/01/2023,$38.71,6530037,$39.14,$39.21,$38.215
10/31/2023,$39.23,6287942,$38.69,$39.32,$38.495
10/30/2023,$38.64,4715625,$38.40,$38.76,$38.005
10/27/2023,$37.99,5112229,$38.35,$38.66,$37.93
10/26/2023,$38.36,5881268,$39.21,$39.52,$38.23
10/25/2023,$39.30,5471676,$40.72,$40.76,$39.205
10/24/2023,$40.99,4305424,$40.51,$41.12,$40.50
10/23/2023,$40.17,4857582,$40.45,$40.76,$40.125
10/20/2023,$40.76,4468918,$41.16,$41.16,$40.69
10/19/2023,$41.14,4586163,$41.76,$42.07,$40.96
10/18/2023,$41.89,4796509,$42.44,$42.54,$41.705
10/17/2023,$42.56,3584590,$42.03,$42.84,$41.93
10/16/2023,$42.47,4359870,$42.14,$42.615,$41.8827
10/13/2023,$41.79,7025695,$42.54,$42.61,$41.265
10/12/2023,$42.63,5200489,$43.13,$43.13,$42.00
10/11/2023,$43.05,7473790,$43.51,$43.66,$42.78
10/10/2023,$43.52,5264979,$43.48,$43.82,$43.27
10/09/2023,$43.35,4220225,$42.64,$43.64,$42.64
10/06/2023,$43.01,4459090,$42.22,$43.33,$42.22
10/05/2023,$42.61,4116505,$43.09,$43.13,$42.12
10/04/2023,$42.94,3875320,$42.56,$43.07,$42.54
10/03/2023,$42.51,3673285,$43.23,$43.75,$42.345
10/02/2023,$43.55,3622908,$43.91,$44.04,$43.31
09/29/2023,$44.09,4798602,$44.09,$44.60,$43.91
09/28/2023,$43.65,4114887,$42.73,$43.89,$42.72
09/27/2023,$42.89,5225560,$43.56,$43.76,$42.405
09/26/2023,$43.49,5353448,$43.55,$44.235,$43.39
09/25/2023,$43.82,3948789,$42.85,$43.93,$42.57
09/22/2023,$43.13,8278092,$44.23,$44.84,$43.00
09/21/2023,$43.92,13887390,$43.38,$45.21,$42.85
09/20/2023,$43.69,4127992,$43.74,$44.54,$43.67
09/19/2023,$43.62,4308617,$43.63,$44.09,$43.42
09/18/2023,$43.91,4580537,$44.34,$44.46,$43.81
09/15/2023,$44.56,7598201,$44.46,$44.80,$44.27
09/14/2023,$44.36,4078375,$43.97,$44.46,$43.72
09/13/2023,$43.71,3583710,$43.69,$43.97,$43.425
09/12/2023,$43.51,4788269,$43.40,$43.98,$43.32
09/11/2023,$43.51,3848778,$43.70,$43.94,$43.43
09/08/2023,$43.43,4208619,$42.92,$43.48,$42.84
09/07/2023,$43.12,5296017,$43.64,$43.71,$42.805
09/06/2023,$44.12,4617287,$44.17,$44.32,$43.425
09/05/2023,$44.29,5668092,$44.88,$44.88,$44.04
09/01/2023,$45.10,4176390,$45.21,$45.54,$44.87
08/31/2023,$44.78,7844409,$44.60,$45.335,$44.55
08/30/2023,$44.75,3595281,$44.32,$44.87,$44.255
08/29/2023,$44.32,4135095,$44.01,$44.695,$43.92
08/28/2023,$43.87,4203074,$43.89,$44.05,$43.55
08/25/2023,$43.59,7250915,$43.73,$44.35,$43.38
08/24/2023,$43.14,4477080,$43.87,$44.235,$43.11
08/23/2023,$43.90,5024552,$43.28,$44.20,$43.2499
08/22/2023,$43.27,3875285,$43.09,$43.56,$43.035
08/21/2023,$43.04,3385923,$42.99,$43.26,$42.759
08/18/2023,$42.99,3801087,$42.58,$43.28,$42.23
08/17/2023,$42.95,3892026,$43.31,$43.39,$42.745
08/16/2023,$42.93,4181882,$43.47,$43.50,$42.79
08/15/2023,$43.58,4240486,$43.62,$43.68,$42.935
08/14/2023,$44.03,4229956,$44.21,$44.345,$43.685
08/11/2023,$44.50,6826984,$43.36,$44.585,$43.34
08/10/2023,$43.29,3126145,$44.16,$44.26,$43.05
08/09/2023,$43.67,3942733,$43.71,$43.9975,$43.34
08/08/2023,$43.52,3910550,$43.28,$43.58,$42.515
08/07/2023,$43.85,4230891,$43.33,$43.92,$42.86
08/04/2023,$43.05,3951441,$43.66,$43.94,$42.95
08/03/2023,$43.61,3928947,$43.58,$43.87,$43.32
08/02/2023,$43.76,5540453,$43.16,$43.895,$42.81
08/01/2023,$43.56,4810629,$44.15,$44.36,$43.55
07/31/2023,$44.51,8018707,$45.14,$45.64,$44.35
07/28/2023,$45.01,9571056,$43.981,$45.84,$43.97
07/27/2023,$43.66,15740820,$45.555,$46.07,$43.30
07/26/2023,$48.80,6636754,$48.11,$48.865,$48.11
07/25/2023,$48.31,6411537,$49.07,$49.475,$48.075
07/24/2023,$48.94,4705526,$48.40,$48.97,$48.14
07/21/2023,$48.34,10663510,$49.21,$49.35,$48.31
07/20/2023,$48.84,9336848,$48.78,$48.96,$48.02
07/19/2023,$49.03,6063209,$48.22,$49.10,$47.96
07/18/2023,$48.03,5550337,$46.92,$48.09,$46.92
07/17/2023,$47.19,5192490,$46.06,$47.365,$45.96
07/14/2023,$46.50,4132056,$46.05,$46.72,$45.82
07/13/2023,$46.13,4172729,$46.72,$46.81,$46.08
07/12/2023,$46.41,4969587,$47.50,$47.53,$46.331
07/11/2023,$46.90,4998837,$46.00,$47.35,$45.96
07/10/2023,$45.67,4703698,$44.13,$45.76,$44.12
07/07/2023,$44.26,4252993,$43.69,$44.57,$43.68
07/06/2023,$43.85,4572545,$44.27,$44.45,$43.55
07/05/2023,$45.03,3394000,$45.23,$45.27,$44.63
07/03/2023,$45.23,2765827,$44.66,$45.83,$44.595
06/30/2023,$44.69,5212089,$45.00,$45.13,$44.2913
06/29/2023,$44.60,3278400,$44.91,$44.91,$44.33
06/28/2023,$44.84,4186422,$44.425,$44.85,$44.24
06/27/2023,$44.47,4758916,$43.58,$44.55,$43.48
06/26/2023,$43.46,3551522,$43.46,$43.76,$43.26
06/23/2023,$43.37,6234791,$43.48,$43.80,$43.105
06/22/2023,$43.87,3622565,$44.15,$44.15,$43.605
06/21/2023,$44.10,3745668,$44.82,$44.82,$44.08
06/20/2023,$44.84,4175493,$44.93,$45.48,$44.615
06/16/2023,$45.06,8591416,$45.61,$45.75,$44.915
06/15/2023,$45.62,5059707,$44.94,$45.70,$44.38
06/14/2023,$45.07,4655154,$45.59,$45.71,$44.635
06/13/2023,$45.52,4215751,$45.30,$45.62,$45.005
06/12/2023,$45.12,6150575,$45.85,$45.92,$45.02
06/09/2023,$45.81,5049917,$45.64,$46.54,$45.64
06/08/2023,$45.61,5308455,$45.55,$46.06,$45.35
06/07/2023,$45.06,5663694,$45.24,$45.765,$44.85
06/06/2023,$45.18,4537600,$45.22,$45.37,$44.84
06/05/2023,$45.29,5662024,$44.77,$45.34,$44.29
06/02/2023,$44.39,4641727,$43.33,$44.48,$43.27
06/01/2023,$43.26,5235380,$42.80,$43.59,$42.53
05/31/2023,$42.54,7695786,$43.26,$43.26,$42.01
05/30/2023,$43.62,4906808,$44.25,$44.475,$43.335
05/26/2023,$44.36,5128550,$43.56,$44.55,$43.52
05/25/2023,$43.62,6799915,$43.09,$43.675,$42.93
05/24/2023,$43.30,3486935,$43.96,$44.01,$43.035
05/23/2023,$43.78,4139005,$44.00,$44.175,$43.15
05/22/2023,$44.12,4693289,$43.92,$44.23,$43.745
05/19/2023,$43.48,4278231,$44.085,$44.185,$43.15
05/18/2023,$44.12,3241013,$43.81,$44.175,$43.44
05/17/2023,$43.88,4442508,$43.06,$43.96,$42.96
05/16/2023,$43.03,5571336,$44.62,$44.62,$43.02
05/15/2023,$45.13,4196501,$44.91,$45.48,$44.56
05/12/2023,$44.91,3690476,$45.70,$45.83,$44.635
05/11/2023,$45.78,3847536,$45.83,$45.90,$45.465
05/10/2023,$45.82,4297775,$46.21,$46.35,$45.235
05/09/2023,$45.81,3785023,$45.905,$46.38,$45.52
05/08/2023,$46.21,3781679,$45.79,$46.34,$45.465
05/05/2023,$45.63,5206444,$44.72,$45.71,$44.63
05/04/2023,$44.38,3301521,$44.97,$44.98,$44.275
05/03/2023,$44.77,4686177,$45.29,$45.77,$44.61
05/02/2023,$45.12,4035097,$45.61,$45.66,$44.52
05/01/2023,$45.66,4220828,$46.02,$46.35,$45.41
04/28/2023,$46.43,6704762,$45.52,$46.67,$45.39
04/27/2023,$45.56,11144640,$45.14,$45.86,$44.04
04/26/2023,$43.36,8552701,$43.50,$44.43,$43.215
04/25/2023,$44.01,5938259,$43.58,$44.175,$43.55
04/24/2023,$43.86,4216574,$43.28,$44.14,$43.18
04/21/2023,$43.11,3139257,$43.37,$43.37,$42.76
04/20/2023,$43.38,3624433,$43.35,$43.71,$43.22
04/19/2023,$43.71,4043299,$43.85,$44.145,$43.525
04/18/2023,$44.04,3709798,$44.14,$44.40,$43.86
04/17/2023,$43.78,3693310,$44.00,$44.00,$43.45
04/14/2023,$43.53,3603759,$43.54,$44.16,$43.135
04/13/2023,$43.61,3875651,$42.97,$43.62,$42.86
04/12/2023,$42.78,4312335,$43.96,$44.11,$42.485
04/11/2023,$43.50,3668577,$43.29,$43.72,$43.015
04/10/2023,$43.40,3279527,$43.09,$43.67,$43.09
04/06/2023,$43.57,3629646,$43.64,$43.83,$43.2407
04/05/2023,$43.85,3836527,$44.25,$44.26,$43.695
04/04/2023,$44.33,3509197,$44.625,$44.625,$43.825
04/03/2023,$44.28,3539729,$44.15,$44.345,$43.835
03/31/2023,$44.37,4053584,$44.075,$44.415,$43.74
03/30/2023,$43.91,3459578,$44.158,$44.325,$43.625
03/29/2023,$43.63,3587984,$43.20,$43.67,$43.20
03/28/2023,$42.87,2827172,$42.72,$43.00,$42.56
03/27/2023,$42.60,4040342,$42.77,$43.02,$42.55
03/24/2023,$42.66,4541786,$42.21,$42.855,$41.66
03/23/2023,$42.45,4808655,$43.09,$43.20,$42.02
03/22/2023,$42.86,5088139,$43.59,$44.09,$42.83
03/21/2023,$43.75,6122839,$43.14,$43.98,$43.10
03/20/2023,$43.04,6199781,$42.10,$43.465,$42.00
03/17/2023,$42.06,11506760,$41.15,$42.31,$40.94
03/16/2023,$41.45,6022478,$40.28,$41.62,$40.23
03/15/2023,$40.81,5740756,$40.49,$40.94,$40.13
03/14/2023,$41.16,6368433,$41.78,$41.95,$40.62
03/13/2023,$41.09,5946254,$41.62,$41.88,$41.02
03/10/2023,$42.04,4526942,$42.75,$42.87,$41.67
03/09/2023,$42.95,4091557,$44.02,$44.28,$42.915
03/08/2023,$44.26,6096572,$43.85,$44.335,$43.16
03/07/2023,$43.98,5326595,$44.86,$45.09,$43.825
03/06/2023,$44.75,5972821,$45.95,$46.095,$44.6412
03/03/2023,$46.04,3744187,$45.93,$46.24,$45.81
03/02/2023,$45.58,4142739,$45.50,$45.74,$45.305
03/01/2023,$45.75,4236351,$45.68,$46.27,$45.38
02/28/2023,$45.90,5338835,$45.71,$46.31,$45.58
02/27/2023,$45.80,5187685,$45.32,$45.85,$45.08
02/24/2023,$45.07,5795045,$44.71,$45.25,$44.31
02/23/2023,$45.35,12458850,$45.405,$45.89,$43.71
02/22/2023,$47.85,7391945,$48.12,$48.3301,$47.40
02/21/2023,$47.89,5947896,$47.89,$48.81,$47.82
02/17/2023,$48.24,5511958,$48.56,$48.70,$47.75
02/16/2023,$48.66,3760478,$48.62,$49.185,$48.29
02/15/2023,$49.65,3708079,$48.41,$49.66,$48.21
02/14/2023,$48.80,3919840,$48.73,$49.19,$48.21
02/13/2023,$48.93,4744263,$48.20,$49.02,$47.92
02/10/2023,$48.08,3745086,$48.08,$48.325,$47.65
02/09/2023,$48.39,3072422,$49.75,$49.85,$48.15
02/08/2023,$49.16,3429668,$49.60,$50.00,$48.825
02/07/2023,$50.17,3538095,$49.77,$50.37,$49.07
02/06/2023,$49.98,3141564,$50.03,$50.40,$49.65
02/03/2023,$50.66,3808211,$50.31,$51.305,$50.11
02/02/2023,$51.66,6390040,$50.75,$52.23,$50.69
02/01/2023,$50.40,4565178,$49.26,$50.745,$48.69
01/31/2023,$49.50,4325298,$48.91,$49.55,$48.795
01/30/2023,$48.89,4066947,$48.32,$49.885,$48.31
01/27/2023,$49.00,3901451,$48.97,$49.70,$48.88
01/26/2023,$49.16,4153264,$49.46,$49.47,$48.16
01/25/2023,$48.93,5955908,$46.47,$49.07,$46.32
01/24/2023,$46.69,4864449,$47.28,$47.42,$46.505
01/23/2023,$47.66,3254721,$46.94,$47.835,$46.57
01/20/2023,$46.66,3435122,$45.76,$46.73,$45.54
01/19/2023,$45.54,5616290,$45.645,$45.93,$44.94
01/18/2023,$45.98,3429481,$47.00,$47.395,$45.955
01/17/2023,$46.77,5214306,$46.23,$47.1099,$46.05
01/13/2023,$46.26,3128399,$45.72,$46.30,$45.44
01/12/2023,$46.43,3812232,$46.73,$46.80,$45.82
01/11/2023,$46.61,5456873,$45.69,$46.685,$45.515
01/10/2023,$45.09,4432615,$43.32,$45.13,$43.32
01/09/2023,$43.52,7096351,$44.76,$45.44,$43.44
01/06/2023,$45.11,5293773,$43.62,$45.45,$43.06
01/05/2023,$43.10,3748136,$43.01,$43.36,$42.53
01/04/2023,$43.09,3743475,$42.79,$43.34,$42.28
01/03/2023,$42.15,4494932,$42.078,$42.6612,$41.54
12/30/2022,$41.47,4430386,$41.24,$41.49,$40.98
12/29/2022,$41.82,6385433,$40.27,$41.92,$40.07
12/28/2022,$39.92,3551051,$40.06,$40.40,$39.76
12/27/2022,$40.08,3953727,$40.11,$40.37,$39.70
12/23/2022,$40.17,2421287,$39.86,$40.33,$39.525
12/22/2022,$40.12,3930531,$40.63,$40.715,$39.48
12/21/2022,$41.28,4049958,$41.27,$41.50,$41.01
12/20/2022,$40.97,4273276,$41.44,$41.47,$40.65
12/19/2022,$41.34,7817418,$41.08,$41.4103,$40.635
12/16/2022,$41.00,14561110,$42.04,$42.15,$40.62
12/15/2022,$42.29,5168379,$43.055,$43.145,$42.01
12/14/2022,$43.75,5659416,$43.61,$44.285,$42.90
12/13/2022,$43.72,5656626,$45.36,$45.86,$43.32
12/12/2022,$43.72,4238077,$43.70,$43.73,$43.09
12/09/2022,$43.64,4083673,$43.53,$44.05,$43.31
12/08/2022,$43.88,3854982,$43.50,$44.16,$43.2575
12/07/2022,$43.16,5533242,$43.10,$43.915,$42.96
12/06/2022,$43.35,8691525,$43.73,$43.82,$42.74
12/05/2022,$43.94,4641211,$44.85,$44.92,$43.82
12/02/2022,$45.20,4338004,$44.81,$45.45,$44.38
12/01/2022,$45.16,4785560,$45.36,$46.09,$45.05
11/30/2022,$45.44,8882349,$43.84,$45.63,$43.525
11/29/2022,$43.77,4421407,$44.60,$44.66,$43.62
11/28/2022,$44.33,5878383,$45.00,$45.39,$44.2525
11/25/2022,$45.04,2329792,$44.67,$45.21,$44.56
11/23/2022,$45.23,4981667,$45.35,$45.78,$45.11
11/22/2022,$45.13,3817045,$44.88,$45.16,$44.405
11/21/2022,$44.73,4096080,$45.36,$45.60,$44.54
11/18/2022,$45.68,3792217,$46.12,$46.15,$45.245
11/17/2022,$45.47,3622399,$44.66,$45.65,$44.57
11/16/2022,$45.49,5263536,$46.28,$46.46,$45.31
11/15/2022,$47.02,5466785,$47.07,$47.13,$46.03
11/14/2022,$45.91,6188147,$46.34,$46.885,$45.85
11/11/2022,$46.51,7298886,$45.00,$46.99,$44.74
11/10/2022,$44.66,9206002,$42.49,$44.795,$42.26
11/09/2022,$40.57,5208101,$41.345,$41.455,$40.49
11/08/2022,$41.60,7889235,$40.58,$42.235,$40.22
11/07/2022,$40.58,5258348,$40.37,$40.66,$39.365
11/04/2022,$40.07,7329916,$39.47,$40.78,$39.03
11/03/2022,$38.82,14052690,$39.91,$40.93,$38.41
11/02/2022,$38.06,8540514,$39.922,$40.00,$38.01
11/01/2022,$39.81,4960340,$40.52,$40.84,$39.295
10/31/2022,$39.84,6860695,$40.35,$40.61,$39.4207
10/28/2022,$40.32,7750528,$38.80,$40.41,$38.48
10/27/2022,$39.85,6130417,$39.70,$40.625,$39.62
10/26/2022,$39.57,5856221,$38.99,$40.56,$38.92
10/25/2022,$38.97,6544224,$38.61,$39.12,$38.14
10/24/2022,$38.68,5899060,$38.41,$38.815,$37.60
10/21/2022,$38.41,4449415,$37.41,$38.45,$37.08
10/20/2022,$37.62,5105248,$37.70,$38.66,$37.48
10/19/2022,$37.81,5097833,$38.28,$38.64,$37.275
10/18/2022,$38.50,5326501,$38.99,$39.32,$38.16
10/17/2022,$37.85,5976091,$38.01,$38.45,$37.79
10/14/2022,$37.08,5716910,$38.30,$38.46,$37.01
10/13/2022,$37.96,7866691,$36.21,$38.34,$35.92
10/12/2022,$37.13,6324305,$36.99,$37.245,$36.61
10/11/2022,$36.95,6222447,$37.212,$37.80,$36.62
10/10/2022,$37.56,5192146,$37.91,$38.09,$37.29
10/07/2022,$37.55,6731561,$38.51,$38.58,$37.42
10/06/2022,$38.89,6471815,$38.95,$39.63,$38.835
10/05/2022,$39.12,7290530,$38.25,$39.49,$38.18
10/04/2022,$38.67,8189850,$38.11,$39.179,$38.09
10/03/2022,$37.22,8930322,$36.94,$37.62,$36.18
09/30/2022,$36.81,5953263,$37.41,$37.96,$36.755
09/29/2022,$37.69,4211758,$37.96,$38.06,$37.28
09/28/2022,$38.61,4452792,$37.60,$38.815,$37.55
09/27/2022,$37.57,5297995,$38.52,$38.59,$37.265
09/26/2022,$38.13,5571660,$38.16,$39.105,$38.10
09/23/2022,$38.19,5161244,$38.03,$38.22,$37.5001
09/22/2022,$38.30,5490475,$38.855,$38.93,$38.005
09/21/2022,$38.93,6350487,$40.04,$40.31,$38.80
09/20/2022,$39.90,7587895,$41.04,$41.04,$39.71
09/19/2022,$41.35,6713063,$41.765,$41.87,$41.075
09/16/2022,$42.00,9313680,$41.85,$42.135,$41.14
09/15/2022,$42.66,6821688,$42.49,$43.825,$42.43
09/14/2022,$42.57,7176184,$42.885,$42.92,$41.875
09/13/2022,$42.79,6326522,$44.145,$44.39,$42.605
09/12/2022,$45.52,4737582,$45.37,$45.85,$45.11
09/09/2022,$45.10,4264810,$44.38,$45.155,$44.27
09/08/2022,$44.25,5945798,$44.36,$44.52,$43.56
09/07/2022,$44.66,4814704,$43.15,$44.87,$43.09
09/06/2022,$43.04,6219896,$44.22,$44.29,$42.93
09/02/2022,$44.11,4203055,$45.194,$45.459,$43.825
09/01/2022,$44.77,4660490,$43.99,$44.80,$43.63
08/31/2022,$44.13,7289294,$44.69,$44.81,$43.905
08/30/2022,$44.45,4275050,$44.87,$45.0611,$44.08
08/29/2022,$44.46,4539236,$44.26,$44.85,$43.90
08/26/2022,$44.53,3978253,$47.03,$47.21,$44.51
08/25/2022,$46.59,3227778,$45.73,$46.62,$45.56
08/24/2022,$45.53,4212160,$45.23,$46.26,$45.17
08/23/2022,$45.43,4307267,$45.32,$46.36,$45.16
08/22/2022,$45.39,4322513,$46.70,$46.70,$45.33
08/19/2022,$47.07,4377615,$47.85,$48.08,$46.545
08/18/2022,$48.54,3534130,$48.39,$48.72,$47.82
08/17/2022,$48.57,3832350,$48.89,$49.03,$48.24
08/16/2022,$49.50,5314636,$48.69,$50.165,$48.5812
08/15/2022,$48.68,3710100,$49.17,$49.24,$48.195
08/12/2022,$49.44,2885801,$48.95,$49.48,$48.68
08/11/2022,$48.57,4582022,$48.87,$49.52,$48.13
08/10/2022,$48.50,4848370,$48.86,$49.29,$48.47
08/09/2022,$48.00,6075128,$47.57,$48.02,$47.02
08/08/2022,$47.61,4786588,$47.63,$49.00,$47.20
08/05/2022,$47.28,5487413,$47.33,$47.6631,$46.69
08/04/2022,$47.87,10604500,$50.10,$50.19,$46.66
08/03/2022,$50.48,8749827,$49.00,$50.82,$49.00
08/02/2022,$48.43,5250724,$48.69,$48.84,$47.75
08/01/2022,$48.94,4805884,$47.85,$49.34,$47.65
07/29/2022,$48.63,7241429,$49.13,$49.725,$48.38
07/28/2022,$48.21,4914748,$47.37,$48.24,$46.48
07/27/2022,$47.18,4122996,$45.95,$47.52,$45.83
07/26/2022,$45.66,3834191,$45.39,$45.79,$45.245
07/25/2022,$46.56,4042604,$46.68,$47.04,$46.14
07/22/2022,$46.68,4908423,$46.59,$47.37,$46.36
07/21/2022,$46.65,2964100,$46.08,$46.67,$45.8501
07/20/2022,$46.19,4066096,$45.59,$46.47,$45.42
07/19/2022,$45.38,4290579,$43.89,$45.485,$43.89
07/18/2022,$43.59,4544272,$43.98,$44.725,$43.35
07/15/2022,$43.61,6407268,$42.99,$43.96,$42.85
07/14/2022,$42.03,3624764,$42.20,$42.36,$41.22
07/13/2022,$42.49,4439945,$42.20,$43.15,$41.94
07/12/2022,$43.20,4750962,$43.055,$43.95,$42.87
07/11/2022,$42.83,5986844,$43.02,$43.16,$42.39
07/08/2022,$43.14,3716315,$43.40,$43.83,$42.75
07/07/2022,$43.82,6216125,$43.72,$44.07,$43.19
07/06/2022,$43.72,6444067,$44.40,$44.96,$43.555
07/05/2022,$43.93,6413936,$42.26,$43.955,$41.89
07/01/2022,$42.89,4950892,$41.94,$43.039,$41.76
06/30/2022,$41.67,6571892,$42.42,$42.42,$41.02
06/29/2022,$42.67,3517080,$42.58,$43.0316,$42.295
06/28/2022,$42.65,5435648,$43.40,$44.475,$42.60
06/27/2022,$44.38,4703394,$45.865,$45.94,$44.22
06/24/2022,$45.67,20444440,$43.35,$45.78,$43.22
06/23/2022,$42.97,5244758,$42.17,$43.11,$42.05
06/22/2022,$43.13,7343146,$41.88,$43.655,$41.83
06/21/2022,$42.29,7628456,$42.70,$43.47,$42.20
06/17/2022,$42.21,21193830,$41.505,$42.57,$41.43
06/16/2022,$41.08,9955065,$42.29,$42.50,$40.52
06/15/2022,$43.51,8232220,$42.97,$44.045,$42.58
06/14/2022,$42.58,5288483,$43.20,$43.59,$42.21
06/13/2022,$42.93,9224549,$43.01,$43.97,$42.67
06/10/2022,$44.28,8764946,$44.35,$45.58,$44.28
06/09/2022,$46.69,5139157,$47.20,$47.435,$46.43
06/08/2022,$47.68,4401853,$47.82,$48.14,$47.3041
06/07/2022,$47.51,5114407,$46.90,$47.665,$46.68
06/06/2022,$47.67,5350174,$47.99,$48.76,$47.465
06/03/2022,$47.09,6122196,$47.32,$47.545,$46.79
06/02/2022,$47.77,5287932,$46.86,$47.78,$46.445
06/01/2022,$46.97,7174865,$49.08,$49.08,$46.805
05/31/2022,$48.67,17674860,$48.44,$49.30,$47.32
05/27/2022,$48.82,8695422,$47.22,$48.83,$47.05
05/26/2022,$46.47,6299006,$45.68,$46.81,$45.49
05/25/2022,$44.81,7522276,$43.87,$45.13,$43.87
05/24/2022,$44.18,8315143,$44.40,$45.63,$43.62
05/23/2022,$45.19,6122485,$44.74,$45.3462,$44.00
05/20/2022,$44.31,7445787,$44.96,$45.32,$43.28
05/19/2022,$44.62,7668662,$44.62,$45.33,$44.02
05/18/2022,$44.94,5883294,$46.10,$46.78,$44.65
05/17/2022,$46.92,5704516,$45.64,$47.12,$45.40
05/16/2022,$45.09,6940770,$46.49,$46.49,$44.905
05/13/2022,$46.65,6455232,$46.46,$46.76,$45.72
05/12/2022,$46.16,8920426,$45.98,$47.82,$45.185
05/11/2022,$46.58,7085335,$48.31,$48.95,$46.47
05/10/2022,$48.59,7614938,$49.97,$50.89,$48.38
05/09/2022,$49.26,12832110,$48.08,$50.915,$47.67
05/06/2022,$48.81,11281350,$48.00,$49.64,$47.03
05/05/2022,$48.04,19285110,$51.21,$51.8247,$47.29
05/04/2022,$54.42,9500161,$53.48,$54.49,$52.315
05/03/2022,$53.46,8059031,$53.28,$54.25,$53.02
05/02/2022,$53.15,6139833,$51.972,$53.22,$51.4614
04/29/2022,$51.92,8341284,$51.52,$53.98,$51.52
04/28/2022,$53.77,6008451,$52.47,$54.05,$52.15
04/27/2022,$52.06,4905781,$52.99,$53.89,$52.00
04/26/2022,$53.10,4951721,$53.59,$53.96,$52.48
04/25/2022,$53.63,5503611,$52.93,$53.875,$52.71
04/22/2022,$53.17,4914849,$54.60,$54.83,$53.08
04/21/2022,$54.77,4408847,$55.23,$55.86,$54.545
04/20/2022,$54.86,4937884,$55.32,$55.36,$54.76
04/19/2022,$55.17,4698343,$54.16,$55.22,$54.16
04/18/2022,$54.56,4115398,$53.83,$54.75,$53.67
04/14/2022,$54.15,4452169,$55.20,$55.47,$53.98
04/13/2022,$55.12,3787060,$54.09,$55.47,$53.96
04/12/2022,$54.24,3987493,$55.33,$55.78,$54.12
04/11/2022,$54.89,4101940,$54.36,$56.23,$54.36
04/08/2022,$55.03,3747483,$54.50,$55.44,$54.12
04/07/2022,$54.38,4998803,$53.88,$54.84,$53.50
04/06/2022,$54.12,6359587,$55.83,$56.15,$53.48
04/05/2022,$56.40,5040637,$56.68,$57.73,$55.98
04/04/2022,$56.73,6653880,$58.08,$58.37,$56.49
04/01/2022,$57.71,4950113,$57.87,$58.33,$57.30
03/31/2022,$57.26,9380744,$59.16,$59.16,$57.24
03/30/2022,$59.36,5942950,$59.73,$60.34,$59.12
03/29/2022,$60.21,5341186,$59.38,$60.385,$59.38
03/28/2022,$58.78,7156428,$57.42,$58.835,$56.93
03/25/2022,$57.42,6240871,$57.38,$58.05,$56.95
03/24/2022,$57.23,6893128,$55.74,$57.39,$55.5413
03/23/2022,$55.60,5329020,$55.42,$56.06,$54.65
03/22/2022,$55.75,7120376,$54.98,$56.26,$54.95
03/21/2022,$55.32,5918478,$55.58,$56.245,$54.88
03/18/2022,$56.02,10588520,$55.10,$56.67,$55.10
03/17/2022,$55.67,5974100,$54.28,$55.86,$54.06
03/16/2022,$54.77,7561530,$53.79,$54.90,$53.08
03/15/2022,$53.94,8927371,$52.51,$54.56,$52.22
03/14/2022,$52.09,9205630,$50.20,$53.25,$50.01
03/11/2022,$50.06,9217656,$52.90,$52.90,$50.00
03/10/2022,$52.36,18926210,$53.02,$55.48,$51.28
03/09/2022,$53.06,10250420,$53.93,$53.93,$52.60
03/08/2022,$53.31,9548989,$54.94,$55.93,$53.25
03/07/2022,$54.85,9961662,$55.50,$56.46,$54.735
03/04/2022,$55.66,8300801,$54.29,$56.44,$54.09
03/03/2022,$54.42,6139199,$55.64,$55.64,$53.455
03/02/2022,$55.09,8496734,$54.35,$55.45,$53.68
03/01/2022,$54.35,9298975,$54.56,$55.05,$53.94
02/28/2022,$54.59,9281347,$54.32,$54.99,$53.41
02/25/2022,$54.60,8340183,$55.37,$55.57,$53.38
02/24/2022,$55.44,24110820,$50.225,$55.64,$49.53
02/23/2022,$54.59,11482480,$55.53,$55.89,$54.47
02/22/2022,$55.15,6950999,$55.12,$56.75,$54.89
02/18/2022,$55.46,7219816,$55.36,$55.89,$54.27
02/17/2022,$55.76,5659313,$57.48,$57.6956,$55.53
02/16/2022,$57.65,5201794,$59.691,$59.75,$57.255
02/15/2022,$59.93,3803826,$58.96,$59.99,$58.63
02/14/2022,$58.18,5714564,$58.53,$58.64,$57.68
02/11/2022,$58.38,5897311,$59.31,$59.94,$58.05
02/10/2022,$58.81,3976438,$59.492,$60.03,$58.48
02/09/2022,$60.61,3448799,$60.37,$60.655,$59.70
02/08/2022,$59.73,3770723,$58.44,$59.91,$58.44
02/07/2022,$58.70,5718351,$59.18,$59.73,$58.54
02/04/2022,$59.29,10587070,$57.34,$60.27,$57.25
02/03/2022,$57.19,6287353,$58.00,$58.09,$56.93
02/02/2022,$58.54,8826229,$60.47,$60.59,$57.42
02/01/2022,$60.48,4080626,$59.91,$60.62,$59.565
01/31/2022,$60.07,9059308,$57.73,$60.39,$57.66
01/28/2022,$57.54,5027345,$56.74,$57.60,$55.9065
01/27/2022,$56.70,4948479,$58.04,$58.705,$56.40
01/26/2022,$57.71,7599830,$58.57,$59.49,$57.20
01/25/2022,$58.18,7635930,$58.44,$58.57,$56.92
01/24/2022,$59.66,9319493,$58.965,$59.72,$56.875
01/21/2022,$59.54,7742161,$60.92,$61.34,$59.37
01/20/2022,$60.71,5352535,$62.85,$63.68,$60.665
01/19/2022,$62.29,6721775,$61.96,$62.84,$61.92
01/18/2022,$61.61,7163920,$62.80,$62.80,$61.53
01/14/2022,$63.45,6192221,$63.17,$63.84,$62.64
01/13/2022,$63.28,4416900,$64.74,$65.24,$63.17
01/12/2022,$64.32,5426022,$66.87,$66.99,$63.85
01/11/2022,$66.43,3811147,$64.58,$66.52,$64.07
01/10/2022,$64.57,6684049,$65.72,$66.33,$63.72
01/07/2022,$66.32,5000956,$66.73,$67.33,$66.28
01/06/2022,$66.81,8218382,$64.135,$67.49,$64.08
01/05/2022,$64.49,7440725,$64.87,$66.27,$64.46
01/04/2022,$65.14,7527336,$67.17,$67.42,$64.44
01/03/2022,$66.80,6685654,$66.45,$67.1169,$65.66
12/31/2021,$66.50,5935778,$66.74,$66.92,$65.73
12/30/2021,$66.78,3673553,$66.28,$67.645,$66.235
12/29/2021,$66.46,3654604,$65.93,$66.75,$65.60
12/28/2021,$66.08,5534908,$65.82,$66.715,$65.47
12/27/2021,$65.66,6050452,$65.21,$65.8499,$64.97
12/23/2021,$64.89,6045397,$64.00,$65.435,$63.67
12/22/2021,$63.94,5835919,$63.75,$64.6499,$63.34
12/21/2021,$63.71,9835736,$64.21,$64.55,$63.30
12/20/2021,$63.79,8123718,$62.91,$65.16,$62.82
12/17/2021,$64.03,19372680,$63.65,$65.145,$62.97
12/16/2021,$64.04,8521352,$65.78,$66.13,$63.95
12/15/2021,$65.61,10196360,$65.32,$65.76,$64.25
12/14/2021,$65.85,9297812,$66.25,$66.46,$65.27
12/13/2021,$66.69,6043699,$66.47,$67.4437,$66.22
12/10/2021,$66.89,7593727,$66.809,$67.15,$65.94
12/09/2021,$66.60,4523754,$66.99,$67.69,$66.55
12/08/2021,$67.16,6751941,$67.33,$67.71,$66.28
12/07/2021,$67.23,6224509,$66.72,$67.65,$66.525
12/06/2021,$66.07,6413139,$67.1259,$67.1358,$65.54
12/03/2021,$67.05,10336630,$67.78,$68.54,$66.31
12/02/2021,$67.48,8384881,$67.17,$67.95,$66.28
12/01/2021,$66.81,11859720,$68.64,$68.65,$66.74
11/30/2021,$67.46,21869080,$70.33,$70.725,$66.89
11/29/2021,$70.55,7789499,$72.54,$72.655,$69.53
11/26/2021,$72.47,4121923,$72.97,$73.60,$72.10
11/24/2021,$72.66,4675212,$71.345,$72.88,$70.91
11/23/2021,$71.65,10521550,$73.21,$73.38,$71.04
11/22/2021,$73.57,4577106,$74.43,$75.19,$73.54
11/19/2021,$74.63,5573805,$74.90,$76.41,$74.475
11/18/2021,$74.72,9834289,$73.50,$75.05,$73.46
11/17/2021,$73.38,6393343,$75.80,$75.92,$72.99
11/16/2021,$75.89,6200423,$74.30,$76.58,$74.19
11/15/2021,$74.21,5079476,$74.47,$76.24,$74.00
11/12/2021,$73.91,3793610,$73.46,$74.13,$72.53
11/11/2021,$73.30,4201145,$74.03,$74.95,$73.29
11/10/2021,$73.23,6126591,$73.87,$74.72,$72.94
11/09/2021,$73.96,8317799,$74.10,$75.47,$73.78
11/08/2021,$73.76,8320488,$75.79,$76.53,$73.50
11/05/2021,$75.57,4692850,$76.65,$76.9399,$75.53
11/04/2021,$76.28,5958196,$75.66,$77.00,$74.95
11/03/2021,$75.45,9462680,$74.69,$76.13,$73.86
11/02/2021,$74.90,7002322,$75.63,$76.38,$74.47
11/01/2021,$76.30,7915663,$76.47,$77.61,$75.55
10/29/2021,$76.72,16714320,$72.065,$76.98,$72.065
10/28/2021,$72.41,17831750,$74.03,$74.48,$70.55
10/27/2021,$77.66,7896527,$78.25,$78.50,$77.29
10/26/2021,$78.50,6145664,$80.97,$80.9799,$78.40
10/25/2021,$80.57,6299553,$80.59,$81.06,$79.90
10/22/2021,$80.59,11047530,$76.29,$81.19,$76.29
10/21/2021,$76.21,3615466,$75.578,$76.27,$75.06
10/20/2021,$75.97,5201692,$74.96,$76.95,$74.62
10/19/2021,$74.72,3425809,$74.41,$75.38,$74.38
10/18/2021,$74.25,5730048,$74.67,$75.05,$73.89
10/15/2021,$74.90,4358548,$75.24,$75.42,$74.64
10/14/2021,$74.68,4770057,$75.55,$75.75,$74.22
10/13/2021,$74.90,2929525,$74.97,$75.33,$74.24
10/12/2021,$74.67,3408381,$75.21,$75.71,$74.51
10/11/2021,$74.50,2817859,$74.69,$74.90,$74.20
10/08/2021,$75.05,4672839,$74.44,$75.95,$74.33
10/07/2021,$74.17,7309180,$72.97,$75.17,$72.85
10/06/2021,$71.54,4866998,$69.305,$71.60,$69.14
10/05/2021,$69.97,3932747,$68.88,$70.63,$68.67
10/04/2021,$68.47,4648378,$69.43,$69.58,$68.28
10/01/2021,$69.91,4069134,$69.70,$70.355,$69.02
09/30/2021,$69.67,3927253,$70.27,$70.66,$69.62
09/29/2021,$69.97,5621521,$71.52,$71.83,$69.73
09/28/2021,$71.26,5379807,$72.83,$73.6699,$70.73
09/27/2021,$73.67,4268685,$72.73,$73.81,$72.41
09/24/2021,$72.99,3486777,$72.93,$73.40,$72.715
09/23/2021,$73.51,4128848,$73.49,$74.405,$73.18
09/22/2021,$73.21,4028670,$72.59,$73.73,$72.38
09/21/2021,$72.12,5375285,$73.41,$74.03,$72.07
09/20/2021,$72.87,9841486,$72.6795,$73.00,$70.7513
09/17/2021,$74.11,8874889,$74.89,$75.095,$73.73
09/16/2021,$74.70,6630312,$73.43,$75.11,$73.31
09/15/2021,$73.99,10771100,$71.96,$74.99,$71.86
09/14/2021,$71.39,6576807,$72.75,$73.02,$71.03
09/13/2021,$72.67,5768636,$72.96,$73.13,$71.87
09/10/2021,$72.56,5393137,$73.98,$74.265,$72.48
09/09/2021,$73.00,5164427,$73.83,$74.09,$72.94
09/08/2021,$73.93,6351325,$74.82,$74.99,$73.679
09/07/2021,$74.71,6041310,$76.41,$76.46,$74.65
09/03/2021,$76.53,4437792,$76.31,$76.95,$75.98
09/02/2021,$76.49,5031017,$76.31,$77.225,$76.12
09/01/2021,$76.15,5740481,$77.06,$77.06,$75.90
08/31/2021,$76.74,6806261,$77.49,$77.72,$76.57
08/30/2021,$77.55,5541738,$76.43,$77.835,$76.04
08/27/2021,$76.41,5093508,$75.30,$76.58,$75.19
08/26/2021,$75.64,5539669,$74.34,$75.96,$73.76
08/25/2021,$74.16,5052561,$72.85,$74.49,$72.705
08/24/2021,$72.84,6132265,$73.53,$73.9999,$72.62
08/23/2021,$73.20,5044717,$73.41,$73.47,$71.78
08/20/2021,$73.36,5398789,$72.90,$73.84,$72.81
08/19/2021,$72.83,5607281,$72.36,$73.55,$72.06
08/18/2021,$72.83,6536394,$72.98,$74.14,$72.36
08/17/2021,$72.84,9422840,$74.04,$74.74,$72.66
08/16/2021,$75.25,12694020,$73.72,$76.55,$73.51
08/13/2021,$74.02,17907610,$68.64,$74.15,$68.59
08/12/2021,$68.89,10680440,$67.17,$69.04,$66.36
08/11/2021,$68.02,10104410,$67.22,$68.22,$66.95
08/10/2021,$67.31,7358923,$65.36,$67.58,$65.35
08/09/2021,$65.35,7186357,$65.74,$66.32,$65.07
08/06/2021,$65.49,8888335,$67.26,$67.28,$65.27
08/05/2021,$67.28,9926204,$67.70,$67.88,$65.58
08/04/2021,$68.00,6715916,$67.92,$68.70,$67.72
08/03/2021,$68.01,5997944,$68.75,$68.78,$67.64
08/02/2021,$68.63,6785149,$68.81,$69.36,$67.58
07/30/2021,$68.21,11995260,$72.055,$72.07,$68.075
07/29/2021,$73.41,4963149,$73.14,$74.13,$73.05
07/28/2021,$72.89,5141052,$72.577,$73.57,$72.22
07/27/2021,$72.29,8159373,$73.09,$73.24,$71.07
07/26/2021,$73.26,7653900,$72.89,$73.9715,$72.89
07/23/2021,$73.54,6700455,$72.12,$73.77,$71.66
07/22/2021,$72.06,8802193,$69.85,$72.10,$69.61
07/21/2021,$69.86,6082554,$69.41,$70.07,$69.23
07/20/2021,$69.57,6223929,$68.70,$69.61,$68.58
07/19/2021,$68.53,6464350,$67.605,$68.88,$67.28
07/16/2021,$68.18,4279106,$68.41,$68.80,$68.135
07/15/2021,$68.14,4577980,$68.06,$68.63,$67.64
07/14/2021,$68.03,6484165,$69.67,$70.31,$67.96
07/13/2021,$68.74,4491765,$68.82,$69.465,$68.50
07/12/2021,$68.97,5629012,$69.82,$70.25,$68.845
07/09/2021,$69.46,5263641,$68.83,$69.95,$68.585
07/08/2021,$68.65,5581827,$68.66,$69.29,$68.38
07/07/2021,$70.07,6019524,$69.155,$70.52,$68.99
07/06/2021,$69.02,6112146,$70.15,$70.15,$68.89
07/02/2021,$70.08,4910250,$69.99,$70.31,$69.36
07/01/2021,$69.80,8519809,$70.21,$70.765,$69.03
06/30/2021,$70.21,7299786,$70.23,$70.655,$69.695
06/29/2021,$70.49,6512970,$69.00,$70.64,$68.85
06/28/2021,$68.82,5413575,$68.26,$68.975,$67.57
06/25/2021,$67.90,8999367,$66.75,$68.19,$66.75
06/24/2021,$66.57,5522496,$65.41,$66.75,$65.14
06/23/2021,$65.30,4462058,$65.02,$65.93,$64.89
06/22/2021,$64.89,5311268,$64.275,$65.125,$63.41
06/21/2021,$64.40,6483904,$63.38,$64.97,$63.3579
06/18/2021,$63.26,11438730,$64.84,$64.925,$63.14
06/17/2021,$65.33,6398546,$65.67,$66.30,$65.25
06/16/2021,$66.09,5626187,$65.44,$66.345,$65.30
06/15/2021,$65.96,5011353,$66.00,$66.35,$65.47
06/14/2021,$65.89,6944349,$67.25,$67.26,$65.17
06/11/2021,$67.13,5849463,$66.90,$67.415,$66.83
06/10/2021,$66.75,5789039,$66.32,$66.98,$65.77
06/09/2021,$65.96,6124375,$66.225,$66.345,$65.40
06/08/2021,$65.80,5712310,$65.52,$65.945,$65.26
06/07/2021,$65.45,6123599,$65.305,$65.725,$64.785
06/04/2021,$65.23,8978003,$64.38,$65.89,$64.14
06/03/2021,$64.07,7219237,$62.975,$64.27,$62.5901
06/02/2021,$63.41,10598270,$61.39,$63.57,$61.02
06/01/2021,$61.37,5640861,$61.52,$62.09,$60.73
05/28/2021,$60.88,10887620,$59.955,$61.42,$59.66
05/27/2021,$59.51,19669720,$61.20,$62.12,$59.32
05/26/2021,$61.44,6710753,$61.19,$62.14,$61.19
05/25/2021,$61.30,6069940,$61.24,$61.84,$60.86
05/24/2021,$60.97,5735079,$61.24,$61.95,$60.93
05/21/2021,$61.02,11192190,$59.805,$61.38,$59.72
05/20/2021,$59.47,8104593,$60.11,$60.27,$59.345
05/19/2021,$59.79,8050272,$60.40,$60.40,$59.0699
05/18/2021,$61.29,6110783,$61.70,$62.69,$60.69
05/17/2021,$61.69,6891516,$60.81,$61.795,$60.54
05/14/2021,$60.86,6565204,$59.44,$61.045,$59.30
05/13/2021,$58.74,6389379,$58.59,$59.37,$58.062
05/12/2021,$58.28,8763051,$59.69,$60.43,$58.24
05/11/2021,$60.43,11344450,$60.044,$60.99,$59.142
05/10/2021,$61.44,11628700,$59.56,$62.30,$59.26
05/07/2021,$59.78,10347460,$59.10,$60.01,$58.395
05/06/2021,$58.82,7583007,$58.15,$58.885,$57.76
05/05/2021,$58.24,7002822,$57.40,$58.88,$57.39
05/04/2021,$57.69,9736859,$57.51,$58.34,$56.82
05/03/2021,$58.15,12472620,$56.17,$58.85,$56.12
04/30/2021,$55.79,10069310,$55.73,$56.89,$55.655
04/29/2021,$56.07,31081970,$57.29,$57.34,$54.95
04/28/2021,$62.32,7814148,$62.08,$62.87,$61.8201
04/27/2021,$61.70,5577552,$61.715,$62.31,$61.38
04/26/2021,$61.58,4539307,$61.00,$61.61,$60.77
04/23/2021,$60.91,5073020,$60.88,$61.17,$60.44
04/22/2021,$60.74,6849102,$61.85,$61.90,$60.53
04/21/2021,$61.78,5091865,$61.44,$61.865,$60.88
04/20/2021,$61.79,5506306,$63.63,$63.80,$61.205
04/19/2021,$63.79,5285783,$64.63,$65.11,$63.60
04/16/2021,$64.93,4650464,$64.52,$64.99,$64.29
04/15/2021,$64.36,4677553,$63.33,$64.535,$63.03
04/14/2021,$62.79,9522826,$63.94,$64.39,$62.35
04/13/2021,$63.82,5264929,$63.02,$64.08,$62.92
04/12/2021,$62.64,5003595,$62.47,$62.88,$62.13
04/09/2021,$62.47,3801019,$62.08,$62.60,$61.845
04/08/2021,$62.19,3948394,$62.30,$62.65,$61.76
04/07/2021,$61.76,5848300,$62.69,$62.69,$61.43
04/06/2021,$62.52,6396883,$63.63,$63.72,$62.235
04/05/2021,$63.69,6672791,$63.35,$63.98,$62.5504
04/01/2021,$63.11,5210136,$61.40,$63.2356,$61.39
03/31/2021,$61.24,8516830,$60.84,$62.67,$60.75
03/30/2021,$60.32,5400645,$59.53,$60.63,$59.05
03/29/2021,$59.85,7090352,$60.878,$61.18,$59.28
03/26/2021,$60.83,7409597,$58.15,$60.93,$58.04
03/25/2021,$58.09,5705597,$57.73,$58.43,$56.98
03/24/2021,$57.64,7141900,$60.61,$60.90,$57.58
03/23/2021,$60.31,5959428,$60.40,$61.03,$60.01
03/22/2021,$60.29,6584081,$59.925,$60.845,$59.56
03/19/2021,$59.73,10317940,$59.16,$60.03,$58.51
03/18/2021,$58.90,6547623,$58.32,$60.12,$58.00
03/17/2021,$59.00,6788449,$56.73,$59.725,$56.715
03/16/2021,$57.42,5873583,$57.30,$58.19,$57.06
03/15/2021,$57.67,5862094,$55.845,$57.71,$55.61
03/12/2021,$55.80,5025837,$55.679,$56.10,$55.035
03/11/2021,$56.24,5887998,$55.95,$56.58,$55.46
03/10/2021,$55.34,7202558,$56.7822,$56.7822,$54.53
03/09/2021,$56.17,8406976,$54.60,$56.97,$54.32
03/08/2021,$53.49,7622111,$53.87,$55.19,$53.45
03/05/2021,$53.76,8395102,$53.88,$54.12,$51.51
03/04/2021,$53.34,9940351,$54.47,$54.89,$52.46
03/03/2021,$54.60,11055550,$56.73,$56.95,$54.48
03/02/2021,$56.99,7646674,$58.635,$58.66,$56.885
03/01/2021,$58.48,6154507,$57.102,$58.70,$56.53
02/26/2021,$56.42,9013997,$57.34,$57.66,$56.25
02/25/2021,$56.98,7868324,$59.40,$59.97,$56.85
02/24/2021,$59.38,8049950,$60.99,$61.05,$58.83
02/23/2021,$61.37,5826485,$60.68,$61.73,$59.82
02/22/2021,$61.56,5252920,$62.10,$62.2943,$60.96
02/19/2021,$61.98,5462514,$63.19,$63.36,$61.865
02/18/2021,$62.80,5963760,$62.70,$63.35,$62.22
02/17/2021,$63.05,4179424,$62.575,$63.24,$62.05
02/16/2021,$62.865,5559754,$63.98,$64.00,$62.82
02/12/2021,$63.01,5621774,$62.05,$63.19,$61.94
02/11/2021,$62.31,3660146,$62.60,$62.98,$61.67
02/10/2021,$62.32,4470858,$62.545,$63.22,$61.76
02/09/2021,$62.23,5036384,$63.87,$63.91,$62.1201
02/08/2021,$63.84,9787868,$62.60,$64.06,$62.56
02/05/2021,$62.23,12711710,$61.16,$62.82,$60.24
02/04/2021,$61.12,29410670,$63.96,$64.85,$60.67
02/03/2021,$58.04,10673270,$58.10,$58.80,$57.6737
02/02/2021,$57.33,8580889,$58.51,$58.78,$57.10
02/01/2021,$58.47,7476223,$56.825,$58.70,$56.65
01/29/2021,$56.51,10923290,$56.22,$57.58,$55.31
01/28/2021,$56.44,11679610,$58.00,$58.86,$55.94
01/27/2021,$58.35,10645110,$58.64,$60.55,$58.05
01/26/2021,$59.17,8394659,$57.09,$59.31,$56.97
01/25/2021,$57.25,9818939,$57.00,$58.38,$56.82
01/22/2021,$56.46,3317167,$56.20,$56.57,$55.64
01/21/2021,$56.40,5265856,$56.30,$56.47,$55.32
01/20/2021,$56.17,4798203,$57.30,$57.54,$56.115
01/19/2021,$56.98,8942429,$55.55,$57.20,$55.44
01/15/2021,$55.42,9710614,$55.29,$55.71,$54.31
01/14/2021,$55.27,6937900,$55.83,$55.83,$54.98
01/13/2021,$55.71,8185101,$55.775,$56.37,$55.355
01/12/2021,$56.04,11825910,$53.98,$56.705,$53.8761
01/11/2021,$53.93,6956310,$54.18,$54.41,$53.47
01/08/2021,$54.48,6298601,$53.37,$54.55,$53.23
01/07/2021,$53.06,7349028,$53.42,$54.23,$53.01
01/06/2021,$53.22,9911363,$51.50,$54.29,$51.40
01/05/2021,$52.03,10002450,$51.35,$52.28,$51.06
01/04/2021,$51.50,7843511,$50.48,$51.90,$50.45
12/31/2020,$50.25,3597307,$50.605,$50.814,$50.00
12/30/2020,$50.55,8618922,$51.015,$51.51,$50.47
12/29/2020,$50.86,4796748,$50.65,$51.11,$50.30
12/28/2020,$50.24,6187361,$50.50,$50.55,$49.93
12/24/2020,$50.12,2718524,$51.23,$51.24,$49.94
12/23/2020,$51.13,4739607,$52.00,$52.00,$51.13
12/22/2020,$51.62,6216128,$51.71,$52.02,$51.08
12/21/2020,$51.57,6082303,$52.62,$52.68,$51.17
12/18/2020,$53.06,10943140,$53.10,$53.26,$52.395
12/17/2020,$53.05,6195674,$53.63,$53.96,$52.44
12/16/2020,$53.65,12846710,$52.16,$54.89,$52.16
12/15/2020,$52.08,7780397,$49.96,$52.10,$49.69
12/14/2020,$49.57,9127370,$49.23,$50.50,$49.23
12/11/2020,$49.13,4549638,$49.44,$49.61,$48.67
12/10/2020,$49.60,4344046,$49.40,$49.84,$48.93
12/09/2020,$49.50,6794469,$49.96,$50.18,$49.22
12/08/2020,$49.89,7091510,$49.91,$50.23,$49.28
12/07/2020,$50.03,5132246,$50.91,$51.01,$49.91
12/04/2020,$50.97,4791038,$50.03,$51.19,$49.6401
12/03/2020,$50.29,5354235,$51.25,$51.30,$50.11
12/02/2020,$51.35,9281900,$50.52,$51.54,$50.36
12/01/2020,$50.52,7161528,$50.50,$51.46,$50.18
11/30/2020,$50.43,10743230,$51.03,$51.23,$49.36
11/27/2020,$51.34,3604040,$50.94,$51.93,$50.90
11/25/2020,$50.45,4438875,$50.75,$51.03,$50.05
11/24/2020,$50.53,7223267,$49.92,$51.29,$49.825
11/23/2020,$49.90,9421401,$49.18,$50.34,$49.10
11/20/2020,$48.99,10521530,$49.80,$49.88,$48.96
11/19/2020,$49.78,12012190,$48.646,$50.05,$48.56
11/18/2020,$48.53,12734060,$48.07,$49.455,$48.07
11/17/2020,$48.33,9892613,$48.37,$48.90,$47.96
11/16/2020,$48.55,14933350,$48.45,$49.17,$48.01
11/13/2020,$48.67,12084770,$46.90,$48.715,$46.72
11/12/2020,$46.59,10267540,$48.13,$48.17,$46.40
11/11/2020,$47.71,13142280,$47.168,$48.10,$46.81
11/10/2020,$46.54,15521810,$47.55,$47.64,$45.36
11/09/2020,$48.32,19388020,$48.00,$49.25,$46.85
11/06/2020,$50.69,10244440,$49.70,$51.17,$49.05
11/05/2020,$49.41,10325150,$48.71,$49.95,$48.47
11/04/2020,$47.82,16562130,$49.47,$49.64,$47.56
11/03/2020,$48.92,8909545,$48.00,$49.38,$47.61
11/02/2020,$47.87,10765800,$48.19,$49.34,$47.21
10/30/2020,$47.63,12566220,$48.77,$49.14,$46.99
10/29/2020,$49.28,22526780,$49.30,$50.7999,$48.03
10/28/2020,$53.25,9717182,$52.87,$54.10,$52.38
10/27/2020,$53.55,4613049,$53.39,$53.84,$53.00
10/26/2020,$53.34,6597303,$53.49,$53.945,$52.28
10/23/2020,$53.79,5734656,$52.47,$53.95,$52.47
10/22/2020,$52.29,5166576,$52.59,$52.72,$51.57
10/21/2020,$52.82,6557416,$54.29,$54.48,$52.63
10/20/2020,$54.20,6407653,$54.42,$55.13,$54.03
10/19/2020,$54.32,6721190,$56.43,$56.90,$53.92
10/16/2020,$55.83,6167192,$55.33,$56.44,$55.19
10/15/2020,$55.40,6275916,$55.79,$56.11,$54.86
10/14/2020,$56.46,7515293,$57.79,$58.34,$56.43
10/13/2020,$57.59,7445692,$55.55,$57.82,$55.398
10/12/2020,$55.38,8092165,$56.20,$56.20,$54.53
10/09/2020,$55.45,12658340,$52.43,$55.86,$52.32
10/08/2020,$52.08,6746756,$51.30,$52.18,$50.98
10/07/2020,$50.94,6016408,$50.55,$51.11,$49.98
10/06/2020,$49.66,8824842,$51.91,$51.91,$49.485
10/05/2020,$51.77,4954659,$51.94,$52.105,$51.15
10/02/2020,$51.68,5456738,$51.61,$52.4299,$51.19
10/01/2020,$52.38,6659601,$52.37,$52.86,$52.00
09/30/2020,$52.10,9083931,$52.98,$53.62,$51.51
09/29/2020,$52.65,7029265,$53.95,$54.30,$52.59
09/28/2020,$54.04,6507170,$53.20,$54.36,$53.10
09/25/2020,$52.48,6852738,$51.97,$52.73,$51.18
09/24/2020,$51.78,8182495,$50.22,$52.17,$50.04
09/23/2020,$50.68,6502950,$51.15,$51.46,$50.42
09/22/2020,$50.92,6906312,$50.64,$51.04,$49.83
09/21/2020,$50.14,9097420,$47.925,$50.235,$47.73
09/18/2020,$48.61,10017380,$49.00,$49.24,$48.08
09/17/2020,$48.64,15676170,$49.36,$49.44,$47.44
09/16/2020,$50.42,9394266,$51.78,$52.25,$50.29
09/15/2020,$51.78,7749957,$52.68,$52.99,$51.64
09/14/2020,$52.30,7417759,$53.285,$53.58,$52.21
09/11/2020,$52.77,7224692,$52.33,$53.08,$52.10
09/10/2020,$52.32,7080713,$53.72,$54.60,$52.03
09/09/2020,$53.44,8912076,$52.03,$53.71,$51.71
09/08/2020,$51.53,12745060,$51.17,$52.66,$50.97
09/04/2020,$52.54,9971559,$52.82,$53.33,$50.95
09/03/2020,$53.16,10157680,$54.645,$55.42,$52.59
09/02/2020,$55.085,10896260,$53.89,$55.23,$53.51
09/01/2020,$53.65,10127520,$54.954,$55.23,$53.37
08/31/2020,$54.78,13417200,$54.00,$54.91,$53.57
08/28/2020,$54.27,12445470,$56.26,$56.26,$54.05
08/27/2020,$56.31,8112935,$58.92,$58.92,$56.20
08/26/2020,$58.58,6498770,$57.96,$58.655,$57.38
08/25/2020,$58.05,4983189,$58.51,$58.89,$58.015
08/24/2020,$58.78,6053230,$58.46,$58.96,$58.055
08/21/2020,$58.205,6784603,$57.86,$59.06,$57.51
08/20/2020,$57.66,6458353,$57.60,$58.06,$57.16
08/19/2020,$57.71,7208619,$57.145,$58.38,$57.03
08/18/2020,$57.03,4807090,$57.567,$57.88,$56.94
08/17/2020,$57.35,5689921,$56.69,$57.5698,$56.295
08/14/2020,$56.29,6253189,$56.53,$57.60,$55.87
08/13/2020,$56.28,8206341,$55.60,$57.06,$55.60
08/12/2020,$55.49,6977569,$54.40,$56.20,$54.39
08/11/2020,$54.29,9325542,$54.21,$55.644,$53.70
08/10/2020,$54.37,6268438,$55.22,$55.285,$54.02
08/07/2020,$55.21,6369480,$55.34,$55.915,$54.775
08/06/2020,$55.08,8657472,$55.99,$56.53,$54.84
08/05/2020,$56.66,6974308,$56.47,$56.925,$55.9764
08/04/2020,$56.33,6120688,$56.2721,$56.775,$55.7804
08/03/2020,$56.57,8830726,$55.69,$56.82,$55.57
07/31/2020,$55.28,8942293,$55.06,$55.83,$54.325
07/30/2020,$54.72,8018272,$54.00,$54.9382,$53.73
07/29/2020,$54.53,14250510,$55.19,$56.04,$53.66
07/28/2020,$56.35,11066830,$57.11,$57.34,$56.11
07/27/2020,$57.23,7820682,$55.731,$57.38,$55.53
07/24/2020,$55.12,6509620,$55.02,$55.36,$54.04
07/23/2020,$55.15,9819226,$56.44,$56.82,$54.86
07/22/2020,$56.34,9139768,$56.67,$57.43,$56.125
07/21/2020,$56.59,18075510,$59.08,$59.55,$55.69
07/20/2020,$58.47,6417149,$58.71,$58.80,$57.77
07/17/2020,$58.13,6629608,$58.93,$59.11,$57.775
07/16/2020,$58.65,7231169,$57.90,$58.92,$57.90
07/15/2020,$58.39,10724820,$58.82,$59.13,$57.24
07/14/2020,$59.08,10053990,$57.75,$59.29,$57.28
07/13/2020,$58.30,13128060,$60.285,$61.06,$57.8901
07/10/2020,$59.27,11750740,$59.35,$59.89,$58.12
07/09/2020,$59.22,15414550,$58.73,$60.53,$58.515
07/08/2020,$58.27,11127230,$57.35,$58.455,$57.16
07/07/2020,$57.00,10641780,$55.955,$57.55,$55.93
07/06/2020,$56.17,9889263,$55.49,$56.965,$54.94
07/02/2020,$54.36,8468403,$53.59,$54.88,$53.55
07/01/2020,$52.96,12880200,$52.71,$53.43,$51.32
06/30/2020,$52.45,10559860,$51.42,$52.745,$51.32
06/29/2020,$51.31,8933915,$51.07,$51.34,$50.12
06/26/2020,$50.89,17762360,$50.89,$51.28,$50.075
06/25/2020,$49.40,10268720,$48.72,$49.54,$48.41
06/24/2020,$48.77,13009020,$49.8046,$50.45,$48.6489
06/23/2020,$49.80,12289350,$49.59,$50.32,$49.10
06/22/2020,$49.16,9223483,$48.34,$49.32,$48.01
06/19/2020,$48.29,36555730,$48.73,$48.95,$47.42
06/18/2020,$48.44,11344050,$48.55,$49.09,$48.18
06/17/2020,$48.43,9692410,$48.26,$49.10,$48.21
06/16/2020,$48.12,9643795,$48.49,$48.7297,$47.54
06/15/2020,$47.89,12466090,$46.94,$48.12,$46.64
06/12/2020,$47.66,10056510,$48.39,$48.83,$46.85
06/11/2020,$47.94,10563930,$49.43,$49.815,$47.685
06/10/2020,$49.25,10545920,$50.25,$50.34,$49.07
06/09/2020,$49.75,9699811,$48.87,$49.995,$48.57
06/08/2020,$48.72,12182640,$48.30,$49.05,$47.835
06/05/2020,$48.82,16332640,$49.235,$49.70,$48.24
06/04/2020,$49.36,32274630,$51.34,$51.88,$48.80
06/03/2020,$46.45,7599225,$46.35,$46.716,$46.08
06/02/2020,$45.98,9959126,$45.24,$46.225,$45.14
06/01/2020,$45.20,8934883,$45.40,$45.97,$45.01
05/29/2020,$45.54,18741860,$44.30,$45.65,$43.88
05/28/2020,$44.23,12476810,$44.14,$44.98,$44.01
05/27/2020,$44.15,8706456,$43.30,$44.175,$42.855
05/26/2020,$43.36,9548905,$43.99,$44.28,$43.31
05/22/2020,$43.45,9879658,$42.25,$43.495,$42.21
05/21/2020,$42.47,8281748,$42.75,$42.93,$42.24
05/20/2020,$42.71,9282465,$43.00,$43.335,$42.44
05/19/2020,$42.40,13574030,$42.46,$43.18,$42.39
05/18/2020,$42.50,8882200,$42.60,$42.90,$42.33
05/15/2020,$42.11,13183200,$41.46,$42.47,$41.38
05/14/2020,$42.035,11165410,$41.31,$42.09,$40.81
05/13/2020,$41.58,11042150,$41.78,$42.38,$41.05
05/12/2020,$42.00,9548369,$42.24,$42.86,$41.78
05/11/2020,$42.13,13731880,$41.88,$42.43,$41.595
05/08/2020,$42.15,8946445,$41.70,$42.44,$41.70
05/07/2020,$41.37,12589040,$41.269,$41.609,$41.06
05/06/2020,$40.95,11026380,$40.64,$41.09,$40.19
05/05/2020,$40.32,12414260,$39.92,$40.76,$39.765
05/04/2020,$39.83,10220300,$39.28,$39.87,$39.06
05/01/2020,$39.25,13894680,$38.78,$39.465,$38.34
04/30/2020,$39.83,18279470,$37.63,$39.96,$37.55
04/29/2020,$39.03,17989640,$39.45,$39.75,$38.84
04/28/2020,$39.08,16170410,$39.59,$39.90,$38.91
04/27/2020,$39.63,11090180,$40.035,$40.36,$39.56
04/24/2020,$39.35,16896110,$38.85,$39.53,$38.27
04/23/2020,$37.91,15276070,$38.46,$38.84,$37.66
04/22/2020,$38.25,9823860,$38.15,$38.48,$37.92
04/21/2020,$37.61,12259560,$37.51,$38.23,$37.305
04/20/2020,$37.64,12663800,$37.47,$38.315,$37.28
04/17/2020,$37.455,15513650,$37.45,$37.64,$36.99
04/16/2020,$37.22,11205780,$36.53,$37.37,$36.29
04/15/2020,$36.19,10651530,$35.31,$36.41,$35.075
04/14/2020,$35.74,14583120,$35.45,$35.98,$35.27
04/13/2020,$34.76,13792280,$34.29,$35.08,$33.955
04/09/2020,$33.83,13558600,$33.40,$34.10,$33.37
04/08/2020,$33.01,12044510,$31.85,$33.08,$31.80
04/07/2020,$31.62,10602490,$32.08,$32.22,$31.555
